model,accuracy,precision,recall,f1,roc_auc,cv_mean,cv_std
Dummy Baseline,0.5543478260869565,0.5543478260869565,1.0,0.7132867132867133,0.5,0.5529876815591102,0.002688092205552067
