model,fpr,tpr
Random Forest,0.0,0.0
Random Forest,0.0,0.00980392156862745
Random Forest,0.0,0.1568627450980392
Random Forest,0.012195121951219513,0.1568627450980392
Random Forest,0.012195121951219513,0.2549019607843137
Random Forest,0.024390243902439025,0.2549019607843137
Random Forest,0.024390243902439025,0.3333333333333333
Random Forest,0.036585365853658534,0.3333333333333333
Random Forest,0.036585365853658534,0.5
Random Forest,0.04878048780487805,0.5
Random Forest,0.04878048780487805,0.5980392156862745
Random Forest,0.08536585365853659,0.5980392156862745
Random Forest,0.08536585365853659,0.7254901960784313
Random Forest,0.0975609756097561,0.7254901960784313
Random Forest,0.0975609756097561,0.7352941176470589
Random Forest,0.10975609756097561,0.7352941176470589
Random Forest,0.10975609756097561,0.7549019607843137
Random Forest,0.12195121951219512,0.7549019607843137
Random Forest,0.12195121951219512,0.7647058823529411
Random Forest,0.13414634146341464,0.7647058823529411
Random Forest,0.13414634146341464,0.7843137254901961
Random Forest,0.15853658536585366,0.7843137254901961
Random Forest,0.15853658536585366,0.803921568627451
Random Forest,0.1951219512195122,0.803921568627451
Random Forest,0.1951219512195122,0.8235294117647058
Random Forest,0.2073170731707317,0.8235294117647058
Random Forest,0.2073170731707317,0.8529411764705882
Random Forest,0.21951219512195122,0.8529411764705882
Random Forest,0.21951219512195122,0.8627450980392157
Random Forest,0.25609756097560976,0.8627450980392157
Random Forest,0.25609756097560976,0.8823529411764706
Random Forest,0.2804878048780488,0.8823529411764706
Random Forest,0.2804878048780488,0.9019607843137255
Random Forest,0.3048780487804878,0.9019607843137255
Random Forest,0.3048780487804878,0.9117647058823529
Random Forest,0.35365853658536583,0.9117647058823529
Random Forest,0.35365853658536583,0.9215686274509803
Random Forest,0.36585365853658536,0.9215686274509803
Random Forest,0.36585365853658536,0.9313725490196079
Random Forest,0.3780487804878049,0.9313725490196079
Random Forest,0.3780487804878049,0.9901960784313726
Random Forest,0.5487804878048781,0.9901960784313726
Random Forest,0.5487804878048781,1.0
Random Forest,1.0,1.0
